1401.407709696,success,13.030429800100933,77.56554140521713,13.026787044208612,77.56334905033263,469.5510174311719
1401.407709696,success,13.030429800100933,77.56554140521713,13.026787044208612,77.56334905033263,469.5510174311719
1400.536501024,success,13.030419828879037,77.56555495770682,13.026787008811125,77.56334918766022,469.33654952820854
1398.807486720,success,13.030422785850849,77.56557457987311,13.026786858308702,77.56334941246922,470.70666000594326
1400.972539008,success,13.03042302856026,77.56559846698748,13.026787062028674,77.56334916711884,472.0545628642378
1400.113035168,success,13.029598626609927,77.5619902171247,13.026786926898763,77.56334921779039,345.57625657137066
1399.663896512,success,13.03042162740883,77.56559896466298,13.026786873096604,77.56334929879098,471.9595958099895
1399.242926816,success,13.030416184210564,77.56552947672117,13.026786863360137,77.56334940645989,467.5893290420361
1408.767135552,success,13.025898636804612,77.56058944140658,13.026785582305582,77.56334929659519,314.8309859287178
1411.802428288,success,13.02955755877723,77.56393920900973,13.026784231525127,77.56334926852784,314.9327599990412
1409.201570848,success,13.028572810914692,77.56089934868848,13.02678556210148,77.56334930013506,331.5682006579908
1410.496679456,success,13.030655982495588,77.56329208253828,13.026785000841157,77.56334925908857,430.47808616858714
1406.607139264,success,13.025331760601171,77.56022064896294,13.026785943927628,77.56334804845679,375.4108701224807
1402.710292160,success,13.027592682589688,77.5603545235908,13.026786448041776,77.56334767685507,336.4223538841907
1404.009579072,success,13.02920706848487,77.56221367669876,13.02678600884066,77.56334682722903,295.87690982628266
1404.435293504,success,13.024508306102394,77.56021075033637,13.026786004694642,77.56334681374925,423.756236425629
1408.332897216,success,13.030675160368151,77.56331686612339,13.026785713322043,77.56334924426855,432.50100263127746
1404.870070912,success,13.029712186656818,77.56040926576767,13.026785904351552,77.56334673280195,455.13015731349356
1411.369196928,success,13.023365461656836,77.56373480975252,13.026784330001208,77.56334921939383,382.4489407780685
1410.933772960,success,13.030721784287973,77.56332710088554,13.026784640442072,77.56334911968935,437.7969195129689
1407.898279392,success,13.030660851950717,77.56328555185699,13.026785855477064,77.56334890096332,430.93459790165696
1407.465261920,success,13.03063400136413,77.56324877265523,13.026785941815534,77.56334863442535,428.02143734650525
1403.571435264,success,13.0303558842104,77.56577848538383,13.02678599621045,77.56334688285538,476.4063239850977
1412.242449984,success,13.02314493301887,77.56601633891206,13.026783987852095,77.56334913236851,497.22116293240543
1403.136977248,success,13.028586550594651,77.56167657760396,13.026786248949843,77.56334725563468,269.87212567852544
1405.304129440,success,13.03057335411987,77.56326034066387,13.026785816436746,77.56334682141807,421.25916593505696
1402.265261952,success,13.028687901225823,77.56023516528964,13.026786953719236,77.56334852766861,398.0416771737745
1410.068470432,success,13.030614821235533,77.56117940026976,13.026785232874884,77.56334934183218,486.40742037992254
1407.041513024,success,13.024862504337035,77.5616117574982,13.026785948980688,77.5633482894172,284.84117847520974
1405.742287008,success,13.03052770798718,77.56325326941533,13.026785799930838,77.56334695388259,416.2049517268337
1406.165918112,success,13.025198300579968,77.56367330328156,13.026785812787404,77.5633474747415,180.01788583725371
1401.840616512,success,13.030431247983948,77.56560340576199,13.026787003233704,77.5633489406185,473.1317847188276
1409.633661216,success,13.029978012338763,77.56162710571242,13.026785532641297,77.5633493978998,401.03416614338306
1417.870524448,success,13.02544692754157,77.56628231372544,13.026784164851746,77.56334849790113,350.89362349375585
1421.773195552,success,13.025179763201969,77.56804847240078,13.026783353244214,77.56334906430311,539.4272658037029
1421.340067264,success,13.026199734173897,77.5682532796209,13.026783320385473,77.56334899342538,535.2463669780786
1420.465413792,success,13.026213526140824,77.56820077158139,13.026783847867794,77.56334843648688,529.4815847493888
1419.605226432,success,13.024615193598967,77.56066218101931,13.026784138387905,77.5633481002559,377.9320043907189
1417.436188960,success,13.029373648527754,77.56002463482169,13.026784131607062,77.56334849142362,461.05259568779826
1415.707358432,success,13.02411638552498,77.56406001842788,13.0267831292493,77.56334869486808,306.3778520109209
1413.972779968,success,13.024653905518715,77.56064327884538,13.026783292235374,77.56334903818761,376.8098677246384
1414.396151584,success,13.024654754682517,77.56062588786969,13.026783293546272,77.5633491007723,378.2236146797784
1414.832299584,success,13.024117495628825,77.56405784830078,13.026783127426256,77.56334900083594,306.1908022012325
1415.271228608,success,13.02466346515069,77.5606255241082,13.026783043359464,77.56334882654352,377.6084797670588
1420.897239552,success,13.03014476100612,77.56441904218902,13.026783433899418,77.56334881371161,391.33188564152755
1416.129616256,success,13.024129186170397,77.56404983179618,13.026783583514336,77.56334855893842,304.7760909968265
1416.569207296,success,13.025494946926266,77.56046133817742,13.026783837793426,77.5633485519301,344.0534843030353
1412.665946656,success,13.030410957923513,77.56448941481449,13.026783692442583,77.5633490714444,421.8283240286484
1422.206017312,success,13.025995814832307,77.5677737136148,13.026783409106358,77.56334905344612,487.2733729949985
1418.736102048,success,13.02709333726989,77.56026571528034,13.026784290155629,77.56334845264107,335.72629242461085
1413.103307904,success,13.024105182407734,77.56408535011087,13.026783586607568,77.56334901539108,308.3228169126679
1417.009677632,success,13.029209818168324,77.56344966657434,13.026784036464408,77.56334846448607,269.95733529042946
1418.298950464,success,13.024863276303472,77.56135999557681,13.02678428929825,77.56334847318244,303.3699579760176
1419.170658944,success,13.02484924246359,77.56134300012216,13.026784280211531,77.56334834682012,305.76574569327494
1420.037995936,success,13.024636616007198,77.5606459256114,13.02678404867041,77.56334823018612,377.783901031193
1413.534059040,success,13.023218649296412,77.56090588951972,13.026783391613613,77.56334906832326,476.6270659202033
1428.267390208,success,13.024391128419042,77.56200896115567,13.026782611279533,77.56334780544454,302.90438975462666
1424.371277600,success,13.026790762778525,77.56331471629619,13.026783707380302,77.56334920234835,3.8174709153419313
1430.007681472,success,13.025383265971666,77.56805576465653,13.026781352812312,77.56334824905977,533.1506960052202
1423.501277664,success,13.023558513053917,77.56442436928138,13.026783718892586,77.563348838316,377.07969875360214
1423.936690272,success,13.027223276200285,77.5611754794381,13.026783797451982,77.56334908552807,240.49102827450236
1429.133747680,success,13.024391474209628,77.5620070960185,13.0267821085748,77.56334795132233,302.9259733943057
1425.669042976,success,13.029617098264545,77.56151905364912,13.026783235269146,77.56334883785003,372.2746068509092
1431.735484128,success,13.029147508962147,77.55973894975632,13.02678191629709,77.56334940407946,471.35355226014775
1430.870300416,success,13.024382037699231,77.56201498286552,13.026781410724666,77.563348845443,303.4175101252109
1422.635792864,success,13.030123669784798,77.56441371935308,13.026783451257002,77.56334901146985,388.9129308653955
1429.564765664,success,13.030799889661198,77.56104929823502,13.026781652642237,77.5633480127234,511.5179495192197
1432.603593632,success,13.022364830685799,77.56108633200435,13.026782423565535,77.56334918935269,548.9874150018675
1430.432022688,success,13.024382327984695,77.5620026894621,13.0267812744695,77.5633484530323,303.9920231799847
1431.296443616,success,13.029995684661433,77.56194971583406,13.02678175907245,77.56334928325224,388.20504601910284
1424.800546688,success,13.026209693444011,77.56823618774163,13.026783503859,77.56334913496875,533.2620663393218
1423.065791040,success,13.024849998480352,77.56211045683538,13.026783517434524,77.5633489249116,253.42639818809056
1426.532623776,success,13.027683346480302,77.56030264791839,13.026783194216888,77.56334849439641,344.8130650981702
1427.400840160,success,13.025654956607813,77.5603564091916,13.026782800262902,77.56334812586256,347.52083839360233
1426.963446432,success,13.027176297381722,77.5611986973099,13.026783099090515,77.5633483345998,236.94585453151674
1428.704654400,success,13.029946436850082,77.56172575138132,13.026782320428037,77.5633479186068,393.28011677847763
1427.829662112,success,13.025697421002521,77.5603921413103,13.02678276542397,77.56334797824175,342.2035741449283
1425.233700864,success,13.029858161413024,77.55988617509225,13.0267834113015,77.56334908870637,507.5709032838043
1426.103046144,success,13.030552966540787,77.55993633478688,13.026783159460193,77.56334858487918,558.8930276256633
1432.165624032,success,13.02596110839822,77.56154101423542,13.02678214652813,77.56334931717174,216.1285303846915
1433.031981056,success,13.029182176830485,77.55974440357997,13.026782524348308,77.56334897556226,472.9511908635768
1439.101985856,success,13.029849097050915,77.56194122211762,13.02678131566832,77.5633475036699,373.5952240698481
1434.767799360,success,13.027052140149081,77.56111957214397,13.026782150108264,77.56334825318324,243.2995796905085
1442.561037760,success,13.023278396060414,77.56253289002142,13.026781755137316,77.56334857254292,399.45246692755063
1438.667974688,success,13.02867965965424,77.56073158031266,13.026781387036506,77.56334747099831,353.3585024102998
1441.697735872,success,13.023700279973896,77.56022002629558,13.026781506722257,77.56334850145969,481.9264820660626
1440.396865056,success,13.022869391888186,77.56540944983227,13.026781433883585,77.56334801298715,488.97642627436454
1433.466912096,success,13.024965203286088,77.56106780554272,13.026782826852136,77.56334849505802,319.2099349037823
1436.067432192,success,13.022870302943515,77.56541714153809,13.026782781785762,77.56334771791587,489.4153802427961
1440.835526848,success,13.0275148902713,77.56274018529166,13.026781778923995,77.56334823264238,104.80603740469327
1435.195383200,success,13.023072018677098,77.56309036974653,13.02678232992838,77.5633480941037,413.5114564431297
1433.901311040,success,13.024962785947531,77.56107654498643,13.026782775562664,77.56334823343697,318.62280971906745
1435.633847936,success,13.03022129241792,77.5619517883906,13.026782548916644,77.56334795986099,411.198568254019
1438.231461984,success,13.029948315050529,77.56074582308153,13.026781847214425,77.56334725777498,450.99183318713546
1443.000749632,success,13.028745692222403,77.56071187637369,13.026781916989991,77.5633485395257,359.5421540043529
1434.337794720,success,13.030041816750396,77.56193166249157,13.026782577306934,77.56334826796201,393.5645042834924
1441.262673856,success,13.025234270336869,77.56006175623675,13.026781570915515,77.5633483803665,395.44264141746805
1436.501395712,success,13.02876227568306,77.56074509449441,13.026782717552605,77.56334721975456,357.65430251218936
1442.129728832,success,13.024731040330986,77.56253990495406,13.02678157983532,77.5633485573119,244.25989067713294
1437.369291936,success,13.028716403092837,77.56071310574679,13.02678229487775,77.56334693190097,357.30280920256814
1439.537911456,success,13.023686734769855,77.56023685714078,13.026781310387276,77.56334765034504,481.6406145134321
1437.795592512,success,13.02397994415465,77.5609027258424,13.0267822336222,77.56334704598034,408.91967539876754
1436.932126656,success,13.029859549648636,77.56000947288791,13.026782602047884,77.56334705206109,497.7874909051952
1439.965360288,success,13.028726093513153,77.5607242558062,13.026781328873373,77.56334788337013,357.1373736104329
1446.033823520,success,13.030126031409635,77.56708236638316,13.026782838833412,77.56334881123556,549.3519602334346
1447.325192128,success,13.029354013663001,77.56180901167407,13.02678429374146,77.56334888406731,330.87110473659
1452.965410176,success,13.025287429391765,77.55999333172846,13.02678501140243,77.56334967417271,399.9231245421087
1444.296380576,success,13.03011903521362,77.56436866596867,13.026781724516054,77.56334824722116,387.2071696697032
1448.195462080,success,13.023224456946888,77.56250010499296,13.026784673214507,77.56334863344395,406.41051082473416
1451.226215872,success,13.023272447414774,77.562507196214,13.02678476449775,77.56334913049692,401.06113602765686
1452.096708416,success,13.02321507589743,77.56251628075641,13.026785096192253,77.56334943606252,407.1000074627439
1444.728511328,success,13.024360467255283,77.56201604893884,13.02678173541116,77.56334838348107,305.4822560566651
1447.770221152,success,13.022547009518236,77.56040629608559,13.026784473599028,77.56334885871011,568.8898761084732
1449.500980864,success,13.023235454032235,77.56248481653256,13.026784738325398,77.56334862112857,405.60514468965357
1445.599225344,success,13.023284206899456,77.56250937550885,13.026782435813065,77.56334879668483,399.4737452409598
1443.426587104,success,13.028730143881294,77.56070396382435,13.026782024678994,77.56334824362743,359.1453401783642
1449.064028736,success,13.023262871141297,77.56248892923121,13.026784657585516,77.56334849740767,402.52420973759536
1450.366601376,success,13.023274252934645,77.56251275610065,13.026784751696551,77.56334868363082,400.71668518040644
1446.467428128,success,13.0232456619198,77.56251599721234,13.026783103160811,77.56334874819699,403.55854544400637
1452.531181280,success,13.023217313977,77.56250234027628,13.026785087649436,77.56334961795231,407.1985565683318
1449.933965664,success,13.02716743835192,77.56241982453228,13.026784792881529,77.56334868251095,109.25190782061404
1453.397473888,success,13.029571212116199,77.56148605940051,13.026784972061664,77.5633497348759,369.79480271209013
1451.667255936,success,13.025843651007232,77.56149284628646,13.026784937528882,77.56334929236074,226.72097815423703
1446.901690368,success,13.023246708866242,77.56249883723011,13.026783831957896,77.56334885228647,403.94631500570847
1443.861403680,success,13.025259819834485,77.55989793768956,13.026781821816398,77.56334812834686,410.3012185521036
1445.165320224,success,13.023284828942494,77.56251442396841,13.026782200375074,77.5633485868552,399.2515788732188
1450.800840704,success,13.022570342261465,77.56046482575309,13.026784637981493,77.5633488401821,563.2148013752069
1448.629010304,success,13.025007667799054,77.56102837703746,13.026784662633691,77.56334846940518,319.71363870602744
1462.061541568,success,13.024751041289527,77.5660181108988,13.026649689627847,77.56310866620915,379.3641137428864
1461.198586688,success,13.023219992271736,77.56251487973441,13.026667057517209,77.56313630145644,389.16332224631856
1459.456838080,success,13.026367110212073,77.56292518666396,13.02670770704892,77.56320593677054,48.573509128547904
1463.356131488,success,13.029706977341021,77.56347052834553,13.026619379399737,77.56306264483547,346.1570639828932
1460.324827328,success,13.027531595828428,77.56272286258262,13.026690468497096,77.5631752243179,105.59004279519937
1453.832490496,success,13.023158317478249,77.55990414827872,13.026785061454284,77.56334959929902,549.5034551396307
1457.727944352,success,13.022536906871022,77.56052730686585,13.026739781298764,77.56326642704335,553.5883198870389
1456.864758144,success,13.02843581472434,77.5598820679597,13.02675926838407,77.56330346222495,414.89145530391824
1461.628501376,success,13.030037751889772,77.55979783914378,13.026661281009469,77.56312703206119,520.6109797951437
1457.293421312,success,13.02843705910353,77.55989198254791,13.026749780531144,77.56328550537629,412.7373662502074
1456.000579648,success,13.027602349927141,77.56035966880242,13.02677161485227,77.5633269054887,334.45924831551895
1458.164202144,success,13.02955044406097,77.56148270205537,13.026734712867787,77.56325663435763,367.3685922697699
1454.699524384,success,13.028424186110591,77.55990748188603,13.026783901025093,77.56334800209223,414.9555024698144
1460.761824384,success,13.027511343729548,77.56271098418165,13.026678871910972,77.56315535821824,104.33640767782562
1454.266128960,success,13.028389498039763,77.55987440819759,13.026784991537856,77.56334947159317,416.6008178851999
1455.559287264,success,13.029268405557932,77.5620243147723,13.026778187461598,77.56333894595447,311.3778714150196
1462.929121088,success,13.025169318062572,77.56818451068924,13.0266317960898,77.56308129841419,576.2709655917894
1455.134545344,success,13.03010792934017,77.56444980279139,13.026780717275402,77.56334313711673,388.9090577154379
1462.495739584,success,13.0247577459167,77.56248970750403,13.026637642386133,77.56309007097407,218.91954113975015
1456.430889024,success,13.0305191240043,77.56162265397232,13.02676362885472,77.56331182311747,455.9266612562292
1459.033078880,success,13.026469974732228,77.56288739181126,13.026713111769864,77.56321581946867,44.685988989501766
1459.902149472,success,13.024045877332854,77.56044207052307,13.026696291838888,77.56318527168119,418.53617444228206
1458.599714176,success,13.029555652024358,77.56149300884952,13.026723903676674,77.56323577240681,367.1399248301523
1469.423965664,success,13.028335752230804,77.56049607027941,13.026498510554164,77.56285304364891,327.0056969650323
1465.088791456,success,13.024668533337701,77.5624250764822,13.02658069074909,77.56299907973117,221.5288830099213
1473.324531616,success,13.028356531871546,77.56007247901559,13.02641597361275,77.56270940401699,358.00311458288945
1472.029540032,success,13.02709493095154,77.5611753397943,13.02644325333264,77.56275623423616,185.96267783294365
1465.965384160,success,13.029702293956856,77.56347110296429,13.026565316830784,77.56297171202414,352.98641840776185
1465.532979456,success,13.030792224449373,77.56469763896986,13.026575581147794,77.5629899014561,504.0483390636749
1464.229719616,success,13.025862408440783,77.56758820703638,13.026602130894863,77.56303590821749,499.9789793730105
1468.563488768,success,13.025497642422028,77.56501467594444,13.026514120401435,77.56288078607056,257.32405670596165
1473.759218336,success,13.025119687056726,77.56135460070888,13.026405185132187,77.56269055989826,203.41757488436255
1470.297727936,success,13.026717261288763,77.56704323075338,13.02647605785494,77.5628140307047,458.94791592597807
1468.127342304,success,13.024228932803824,77.5600123562544,13.026524642077732,77.56289936354581,403.71118888195787
1467.692145536,success,13.028613074259544,77.56049448336577,13.026529602422368,77.5629082818593,349.3576386051853
1467.258998752,success,13.024810843188947,77.56239898584407,13.02653979674234,77.5629263313228,200.55960524467184
1472.466204064,success,13.02620336367253,77.56282001800808,13.02643231381064,77.56273743780518,26.98423777740202
1471.163966304,success,13.026751375567796,77.56705999455976,13.026459786703072,77.56278520823982,464.2356921322127
1468.989628576,success,13.024771143048719,77.56685496011144,13.026503850625884,77.56286256417856,473.4841254519185
1466.392498112,success,13.02539089311156,77.56690147574503,13.026555252082844,77.5629538912579,446.82499182707363
1471.596566080,success,13.026931367675495,77.56544248828233,13.026448640459876,77.56276556485882,294.9258200099366
1470.731467520,success,13.026720383582525,77.56703673150425,13.02647053003014,77.56280431527422,459.3529137739391
1463.792183712,success,13.029704182526267,77.56349624605446,13.02660785521423,77.56304486697414,347.75103485514904
1469.859924480,success,13.028622279660286,77.5654001341327,13.026487468453215,77.56283364640849,365.5857425228824
1472.892650624,success,13.026152582905087,77.56280553204941,13.02642676514176,77.56272801834825,31.622988989839218
1464.663237984,success,13.02970833870273,77.56349312084876,13.02659120800905,77.56301770921984,350.4146143419004
1466.824663104,success,13.029700365274664,77.56349712680912,13.026550278371944,77.56294505379554,355.3429296841498
1478.094711968,success,13.024377398235668,77.56783326310781,13.026328593366229,77.562558591985,611.2286328499513
1479.821222336,success,13.026148663122317,77.56288986218078,13.026323210433862,77.56256275826294,40.40338830795736
1476.358745792,success,13.026223630552039,77.56278173693953,13.026350705837904,77.56259579012175,24.605939147479553
1474.622618624,success,13.0262251151438,77.56282854757683,13.026388638473652,77.56266198930629,25.61640980298309
1482.427152320,success,13.026134061548152,77.56288722908447,13.026270368702862,77.56260994571828,33.64627177517546
1478.527164480,success,13.026144617337346,77.56287391168097,13.0263283803397,77.56255961185583,39.70991582896743
1480.697891296,success,13.026159319074603,77.56288123340437,13.0263107904348,77.5625720420419,37.49199681565326
1475.059042816,success,13.02613781258399,77.56285827877673,13.026377521021349,77.5626427896395,35.43204791970482
1481.123011680,success,13.02620714245968,77.56282994008598,13.026299710137074,77.56258176134087,28.789031675954337
1478.963329408,success,13.026143163687397,77.56288491260148,13.026327822968916,77.56256069010551,40.68560831754786
1475.494299040,success,13.02621067976932,77.56285989458502,13.02637206422276,77.562633201306,30.416225041553982
1483.726961824,success,13.026216288617222,77.56288461890745,13.026235380710744,77.56264393695903,26.16021169583452
1483.291537760,success,13.026173339442563,77.56288464706539,13.026250014351437,77.56262998006147,28.87632597817226
1481.559439936,success,13.026171330745461,77.56287184338088,13.026288609776918,77.56259227923388,32.97447106523163
1477.665277344,success,13.02944652098119,77.5603397714412,13.026329499250082,77.56255969246082,421.85906272243955
1476.797163872,success,13.026169392226745,77.56285982910138,13.026345562873043,77.56258696556603,35.46194565020255
1482.855921728,success,13.030585049300974,77.5610027929151,13.02625708330958,77.5626230662514,512.2594299050484
1474.192070720,success,13.02619471131518,77.56283142492701,13.026399712882924,77.56268107376286,28.01641268059384
1480.253486496,success,13.026175232983276,77.56286180441474,13.02631546993147,77.56256822568514,35.421502235012746
1475.922381824,success,13.02619295940736,77.56286027602708,13.02636110075612,77.5626138708847,32.59024556849384
1477.231284960,success,13.030186585060878,77.5661271221334,13.026335820140137,77.56257025445446,576.0365788775704
1481.988480928,success,13.026207270375737,77.56288678215877,13.026282645763624,77.56259790308316,32.39818735644493
1479.397749728,success,13.026576877650811,77.56690814525157,13.02632697461473,77.56256107709375,471.75200155740515
1486.761871584,success,13.029154288592174,77.56420381456064,13.026139355406784,77.56273500354929,371.0913060515144
1484.161477920,success,13.027869377039297,77.56480172943793,13.026220307364117,77.56265790145288,295.91028108416475
1493.694578688,success,13.028899433101323,77.55997940978837,13.02593587942735,77.56289635928759,456.5617911058192
1491.522155552,success,13.026870860678216,77.5634049360242,13.025991291233805,77.56285540169584,114.497722528462
1486.329621920,success,13.029152454246674,77.56420210085435,13.026155204778629,77.56271973404276,369.9509652222023
1492.822153952,success,13.027229792874632,77.56063664044358,13.025957268791725,77.56288088137573,281.30429376685015
1488.058556512,success,13.029141498733125,77.56420750980124,13.026105615245704,77.5627654193338,371.9721813283384
1487.624632864,success,13.026147401187028,77.56287385340055,13.026114152096294,77.56275802024105,13.081921975504825
1491.084476192,success,13.029672491608684,77.5607089259274,13.026004910132418,77.56284471942777,468.88098791994855
1492.386325664,success,13.030104924237332,77.564350024747,13.025971113692313,77.56287086888148,486.7888282935524
1488.928284736,success,13.028797955439487,77.55996787286402,13.026069448312242,77.56279453984718,431.06930955806905
1485.025665088,success,13.0261354207763,77.56287348865679,13.026195490346597,77.56268103043594,21.89347496149404
1493.259471456,success,13.024138847263139,77.56159133152048,13.02594971067506,77.56288630909329,245.41131113318534
1494.127705664,success,13.02777761461302,77.56048213487426,13.025922532804572,77.56290592637964,333.9108877874853
1485.893851104,success,13.026216950207983,77.56286767862275,13.026171019392963,77.56270428911844,18.422657535686646
1490.659533824,success,13.029794280237436,77.56849211147441,13.026019337312468,77.5628334123657,742.9608182476406
1485.459901984,success,13.027857453492189,77.56048949687006,13.02617919934074,77.5626963824465,303.28748565764226
1488.492606528,success,13.02619523382519,77.56290036739026,13.026088029144852,77.56278000390914,17.667123194712616
1491.957399072,success,13.024413359817915,77.56429206650591,13.025984596374842,77.56286059403423,233.61022281390282
1490.222622656,success,13.026225888381967,77.5606448211483,13.0260269953244,77.56282720796374,237.4579370820017
1489.785120544,success,13.027043805855998,77.56634610000857,13.026043324839698,77.5628145687745,398.42919024456177
1489.362078752,success,13.025441218831237,77.56118416862316,13.02606061505879,77.56280130053595,188.2421723704106
1487.197285472,success,13.0261495030302,77.56290381575764,13.026130896096186,77.56274302676785,17.541294144415545
1484.595589728,success,13.026136623697987,77.56281677198511,13.026211627002017,77.56266592291304,18.34712373670316
1503.223279040,success,13.030777891775774,77.5630205268835,13.025796435324958,77.56299679420057,553.9186513936621
1498.463149792,success,13.028829593437036,77.55998892525392,13.025861215087708,77.56295575997784,460.7030320821641
1500.622767136,success,13.024045317176844,77.56153023743262,13.025854060356162,77.56296022676602,253.8693462957199
1495.423124768,success,13.03004498988078,77.5642929128817,13.025890633697136,77.56292943602071,484.9841878286002
1494.555879168,success,13.026175852786105,77.56291367202446,13.025916063999691,77.56291051991315,28.88921331763821
1501.058607488,success,13.028431993864551,77.5613342708284,13.0258495279145,77.56296257486042,337.0102668244913
1498.027188608,success,13.028473270024746,77.56135934254142,13.025861127334116,77.56295523963269,338.0173416472413
1494.986768320,success,13.02610629833073,77.56087870980716,13.025903394913838,77.56291988218699,222.27566244422061
1502.360544672,success,13.028481000581642,77.56136588828392,13.02582010982617,77.56298054361345,343.7161218967859
1496.284417728,success,13.02884852768346,77.56001544869784,13.02587225265506,77.56294309156401,458.3846415831915
1501.924813472,success,13.02393122268593,77.5616502024395,13.025833239097272,77.56297214677046,255.4203302841135
1501.491592864,success,13.024544564330803,77.56255965022955,13.02583947199924,77.56296837268559,150.64160156630155
1498.887378048,success,13.02857885816031,77.56142065010587,13.025861279287485,77.56295664737098,344.9668029437813
1495.859320992,success,13.026087474246149,77.560858833237,13.025884325443808,77.56293416540807,225.9602592042279
1497.162033952,success,13.022707163376847,77.56127197904513,13.025860098782832,77.56295350782163,395.0931625238911
1499.752619008,success,13.026097720614304,77.56086998558837,13.025861198099776,77.5629568562335,227.60295305996254
1503.652679744,success,13.023995790576302,77.56169702944769,13.025778478147314,77.56300880353164,243.90305266362085
1504.088738944,success,13.02639070034133,77.56007449411024,13.0257586379152,77.5630216969149,326.9250952185818
1496.727090144,success,13.027056871751105,77.56746750763071,13.025862587566362,77.56295100562123,506.9895102114746
1500.187997344,success,13.02401612717747,77.56157554767648,13.02585956955156,77.56295755013254,253.83630976320458
1499.320677536,success,13.028864031039653,77.56001737581934,13.025861196953354,77.56295696331995,461.41349062656343
1497.592730208,success,13.028058905186985,77.56453597497693,13.02585995527132,77.56295494228758,298.5338094143617
1502.793939872,success,13.029669909638416,77.56008701748392,13.025804706465596,77.56299109161023,532.6327859009577
1513.617082560,success,13.028642752249569,77.56142869673293,13.025812606373114,77.56320581996896,368.91623748989343
1506.692891904,success,13.025356943245907,77.560141012902,13.0257076865341,77.56305500983603,318.084543851524
1505.825892768,success,13.023321066934226,77.56140961644357,13.02571236071553,77.56305095611312,319.87539208350745
1505.389123840,success,13.027526247625937,77.56036143546858,13.025717404045672,77.56304774051304,353.7592048828686
1511.023928832,success,13.028680923171567,77.56141988378384,13.025743611728313,77.56310879944296,374.3703550683685
1509.287170016,success,13.026886943606817,77.56597758898081,13.025714935689344,77.56306994522934,340.88952441661445
1506.259410208,success,13.02458922359977,77.5618637820089,13.02570760336621,77.56305414146874,179.14996568992171
1511.893796288,success,13.02703700559323,77.56693795404956,13.025769018164391,77.56314493044312,434.4277018294703
1507.993672352,success,13.024039344305965,77.561666742783,13.025707191695568,77.56305962021501,239.0892021042653
1512.749920544,success,13.028871014990047,77.56594956002758,13.025790199296376,77.56317444499591,455.78215775226977
1504.956355840,success,13.023971052472971,77.56167988567265,13.025730660778342,77.56303937486406,244.8954488865967
1509.721588512,success,13.027463531442024,77.56346279112859,13.025717973401802,77.56307374074909,198.62050307316355
1514.051918592,success,13.030120024553742,77.56028454300755,13.02582797012993,77.5632273378462,573.9391968482591
1504.523840992,success,13.028669583892796,77.56144126958768,13.02574858668986,77.56302804216455,367.48428800751515
1510.587928640,success,13.028171542862342,77.56360923672855,13.02573781436346,77.56310060347937,276.17107211011876
1507.560437920,success,13.026505331839257,77.56655819817482,13.025707146255469,77.56305732714088,389.5085885081312
1511.459533440,success,13.027494943126454,77.56471507332846,13.025755888163747,77.56312623979737,258.8824145263877
1514.486378080,success,13.028034214700064,77.56437657868173,13.02584311419011,77.56324872882864,272.55995142806773
1512.318226848,success,13.02851704051796,77.56126883714113,13.02577588014079,77.56315454265564,366.92923785234575
1508.854541728,success,13.023974817896363,77.56161268589219,13.025710538734222,77.5630646069615,248.98045625480876
1510.153237760,success,13.027477300690203,77.56473209514026,13.025726476537088,77.56308504471637,264.08111881212517
1507.125870912,success,13.026120657472017,77.56092800047279,13.025707753860493,77.5630555281766,235.0113979244164
1513.187728416,success,13.028850405254254,77.56593567029724,13.025804988694482,77.56319521655625,450.3469235455025
1508.418852608,success,13.026543814108157,77.56099561574682,13.02570787882077,77.56306114986305,242.30472304778385
1519.688251392,success,13.022883213388273,77.56588708669098,13.025939904159255,77.56339074464591,434.3521122821224
1518.389684288,success,13.024304911710141,77.56044491275767,13.025919906137432,77.56335986303539,363.2780607312524
1518.823738688,success,13.024325260407739,77.56045738206646,13.025927860656449,77.56337195580244,362.56322808736036
1520.125839456,success,13.0280914211401,77.56503246817101,13.025948228452307,77.56340428142262,296.4876787356415
1522.289034688,success,13.024277473024743,77.56044256582479,13.025987215798663,77.56346838143162,378.94016834761595
1521.857076032,success,13.025433379243111,77.5637022041492,13.025982022130572,77.56345993244334,66.41259496937816
1520.984920000,success,13.030113547669423,77.56354428909343,13.0259621300488,77.56342731702595,461.7904742463277
1517.521393440,success,13.02701517954923,77.56101825785387,13.025906966443268,77.56334011379026,280.097733709412
1524.025989888,success,13.0242443179425,77.5604211919717,13.026025282618196,77.56352889119624,390.5943598664724
1515.789373312,success,13.024315473638199,77.56042726418579,13.02587076615927,77.56328760058227,354.86476279359664
1523.583889504,success,13.024320767042864,77.56045386846105,13.026014312846222,77.56351201866372,381.08115930810095
1517.948218624,success,13.02627563974533,77.5628719831884,13.025915562074172,77.56335319773312,65.732952895898
1515.356849152,success,13.02806084209596,77.56503714468364,13.025864525649212,77.56327876218357,309.72561293836975
1520.551590464,success,13.030162021503939,77.56353031914568,13.025957446122764,77.56341948297587,467.68161182850343
1514.921810880,success,13.02802376202529,77.56439410242547,13.025850909356109,77.56325970063455,271.0687686787172
1516.648985312,success,13.028052847242494,77.56509789776557,13.025892705703225,77.56331911787349,307.94179785943925
1519.251981888,success,13.02634343873748,77.56293293697762,13.02593595712367,77.56338442120482,66.67280238806414
1516.222985248,success,13.028091187958237,77.56503272355714,13.025882194344746,77.56330400849548,308.8791348455192
1521.424030208,success,13.025432282542901,77.56370872926436,13.02597190555903,77.56344337546415,66.53403888849935
1524.449782208,success,13.024282634366232,77.56044946697963,13.026036276308757,77.563545503099,387.9699366446152
1517.085143808,success,13.02810209168234,77.56505861970892,13.025897679362016,77.56332635786859,308.70760445377647
1522.723948864,success,13.025440323097056,77.56373245627128,13.02599782210194,77.56348543874539,67.5204221797507
1523.148962112,success,13.025422475401504,77.56368864936758,13.02600848744608,77.56350279922457,68.20118406672962
1527.053751808,success,13.02616434225303,77.56582886062189,13.026089062229724,77.56363520715936,237.79373439800696
1526.618020480,success,13.029520384350633,77.56093785248319,13.026078307881347,77.56361790798674,480.4031721599888
1530.951227712,success,13.028729768271257,77.56035614840309,13.02614944998782,77.56373024892488,464.68454306237834
1528.786773536,success,13.026128366889337,77.5607238674065,13.026120737211157,77.56368660847491,320.96550189311984
1531.384914976,success,13.028802277106871,77.56049956923285,13.026149213876469,77.56372892214324,457.6254998620561
1532.687391072,success,13.025355354018986,77.56073691026992,13.02614986155424,77.56372842145697,335.90740313196574
1533.550504160,success,13.02827183844444,77.56731156363188,13.026150301103844,77.56372631609185,454.429480778541
1533.985768768,success,13.0254171558629,77.56078557008274,13.02615179624993,77.56372294777489,328.5347867212596
1527.490186560,success,13.025134039875336,77.56195520221534,13.026094451363203,77.56364385882938,211.82836522849317
1529.216553696,success,13.022719669341713,77.56189239818647,13.026130905632357,77.56370270140408,427.0128680833582
1532.251261440,success,13.02613410397419,77.56076647849748,13.026149494281496,77.56372786256775,320.821914131203
1525.757522560,success,13.026166726404616,77.56582526426156,13.026062636778526,77.56359050861094,242.37562725419835
1530.083221920,success,13.027886657393392,77.56490488414512,13.026144225470484,77.56372415280507,232.1647848211379
1527.915351040,success,13.028701368960887,77.56045056734999,13.026105047035998,77.56366133231201,452.03259625487425
1529.649357472,success,13.028968464108516,77.5635043074153,13.02614030850249,77.56371785200773,315.32631027511655
1533.115794016,success,13.027749244221601,77.56093218323892,13.026150027994246,77.56372747579051,351.1743843833407
1526.182244192,success,13.026169906124005,77.56582860261642,13.026067676200402,77.56359977044508,241.72483265746604
1530.524069952,success,13.028691661314173,77.5650430126707,13.026148805019776,77.5637307936766,316.4768776402598
1525.324977056,success,13.030805448523596,77.5660786105591,13.026052665386024,77.56357222651141,594.1561749139493
1524.882665024,success,13.026179293441409,77.56582644689571,13.026041885868418,77.56355411073872,246.64405580094873
1528.349061344,success,13.028665287263772,77.56045562227607,13.026115521239896,77.56367833387577,449.74797757945294
1531.813032960,success,13.02302410983356,77.56374308197063,13.02614931231265,77.56372776603169,347.51062158039736
1534.418461792,success,13.025411406958671,77.56078161380806,13.026154915202204,77.56371834411301,328.71347401836186
1534.858563648,success,13.022827580314539,77.56011192933506,13.026157198775737,77.56371553229387,538.0358139083179
1543.085205408,success,13.022724280764576,77.5618597829243,13.026301420341987,77.56358227297791,439.3565396798267
1535.289246592,success,13.025345666178216,77.56072088094422,13.02616292709456,77.563709398263,336.26938987983146
1539.183475840,success,13.028679056604622,77.56044816647497,13.026221743886216,77.56365444860572,441.9387583794524
1536.151459104,success,13.02539709052142,77.56076006036616,13.026172654402847,77.56369974015628,329.93641952042566
1541.787364320,success,13.030566821265186,77.56136304351183,13.026274351902934,77.5636076706813,535.6733172559127
1535.714915776,success,13.026119669232394,77.56072964600841,13.026169340871055,77.5637030499889,322.166854963624
1537.888502944,success,13.02498373812819,77.56022601338097,13.026199408252577,77.56367439474766,397.2806680428995
1537.451329728,success,13.025386886550441,77.560743839419,13.026190959103468,77.56368196271697,330.616805707177
1536.587542656,success,13.026476352345746,77.56095791748247,13.02617976588292,77.56369248549834,298.0753337994579
1537.017421696,success,13.030811862589301,77.56607105178502,13.026187016966238,77.56368552375433,575.5423011669357
1541.349444384,success,13.028256486092948,77.56726663663086,13.026263518816034,77.56361785750312,453.1656567209217
1542.646759200,success,13.02272345838992,77.56186328171405,13.026290559584568,77.56359237893102,438.651448257862
1540.915058432,success,13.028269349684399,77.56723931948457,13.026258199562342,77.5636227102421,451.12778269464883
1543.947926208,success,13.030523327137933,77.56135387105768,13.02631815897453,77.56356723273132,525.4879810856738
1542.216217536,success,13.029912574852174,77.55999293260581,13.026285189627645,77.56359741988892,561.3968076314914
1538.314653696,success,13.024975525302313,77.56020505064222,13.026208150313163,77.56366653428643,399.25895928574585
1540.488720160,success,13.025060535979929,77.56204158149282,13.026247340368228,77.56363227179519,217.05132057863176
1538.747282688,success,13.028699961898406,77.56044548426595,13.026212546434522,77.56366256614473,444.9319323868642
1544.381361376,success,13.025537928755911,77.56089784289269,13.02632899711612,77.56355771054876,301.2801702027593
1543.521072736,success,13.022702145551259,77.56183043644067,13.026312741597316,77.5635720341075,443.6037940713859
1540.044910400,success,13.02497668133748,77.56022918192863,13.02623683411655,77.5636412985315,395.3146900118036
1539.620766240,success,13.027086851853124,77.5608585038544,13.02623143497791,77.56364596598807,316.60135442316704
1544.816723776,success,13.022724111696084,77.56185655376336,13.026333929295186,77.5635532792978,441.47942998283196
1551.754567584,success,13.026064574388533,77.56277550093453,13.026521449858508,77.56342070652198,86.40898267276704
1545.681339168,success,13.02271566209939,77.56185092118993,13.026356535849798,77.56353492387305,444.0534368499185
1548.717587680,success,13.022741963414033,77.56186765700201,13.026430210069435,77.56348172554503,445.83561684488626
1552.621507680,success,13.029869467781605,77.56603886527684,13.026545537723944,77.56340518881755,466.9163452003523
1549.585148256,success,13.030590141569935,77.56129235116256,13.02645957763692,77.5634614865507,515.9203065531555
1552.177388256,success,13.026021356276544,77.56276778958363,13.026537511761832,77.56341025648113,90.2126061629181
1554.779838048,success,13.027007011768537,77.56077861604987,13.026609552222231,77.5633651359084,283.67016454236295
1553.047939296,success,13.022541266289346,77.5604253958563,13.02656179349027,77.56339525496327,550.7991320817623
1548.284964480,success,13.026879234851092,77.56631258025392,13.026423004947322,77.56348671019904,310.3108601158986
1554.345197344,success,13.02703633060701,77.56077598115279,13.026601397196163,77.56337027515417,285.17910694366685
1551.320694912,success,13.027012226962732,77.56079818607483,13.026505647906951,77.56343102529401,290.7332138688108
1550.455279872,success,13.027019867450106,77.5608034291026,13.02648206472888,77.5634464602482,292.5065222666188
1550.876896320,success,13.030559319925745,77.56133703734756,13.02649775323651,77.56343615170125,505.6456648040091
1547.853986496,success,13.02705571795859,77.5608103517852,13.026408691888628,77.5634967015222,299.7825356966857
1553.917325408,success,13.0270196278874,77.56076719693463,13.026585623019352,77.56338033361513,287.1736870456584
1546.122154848,success,13.030596456675495,77.56134465423837,13.0263625175024,77.56353032835254,526.9822055971259
1545.254083648,success,13.030536599393567,77.56133808835965,13.026344843830342,77.56354402440934,523.793810776648
1553.482435584,success,13.02700942717319,77.56077806950722,13.026577364072502,77.5633855906274,286.5377340135798
1550.017451904,success,13.027049396502509,77.56082327743295,13.026466842633663,77.56345661731794,292.5403411160524
1546.550259712,success,13.027069544647922,77.56084134452699,13.026375024369177,77.56352096412688,300.38898377178305
1547.415879776,success,13.030562848759931,77.56130285637208,13.026395032239831,77.56350644823458,521.3101562034434
1549.151569600,success,13.027716365850091,77.56091652888878,13.026444691287772,77.5634717388289,310.8392101656841
1546.980280064,success,13.027053571145293,77.56081360877667,13.026388236287069,77.56351134523244,301.473331319985
1555.214767872,success,13.030798321781514,77.56604846648499,13.026626277110708,77.5633546443397,548.0661247109653
1557.377285056,success,13.028288668675586,77.56043436351044,13.026695420321714,77.56331261213046,358.6238972964774
1565.618297504,success,13.029533559049591,77.56146874700515,13.026775553904104,77.56326554065686,363.2347603370878
1556.517639264,success,13.022596151059679,77.56052385350537,13.02666936033243,77.5633280942383,545.3698721524878
1565.182531776,success,13.024056547730403,77.56582919589803,13.026775889267896,77.56326543938192,410.57559218011875
1558.250894816,success,13.029515504466078,77.56148922929877,13.026729255163788,77.5632925713845,366.2681281234963
1563.013406016,success,13.029519595013843,77.5615105879269,13.026776869059905,77.56326355994896,359.26968384423463
1559.552812192,success,13.02883018436469,77.56063040427487,13.02676940471047,77.56326874815952,366.3353782798672
1559.987859872,success,13.024944820189678,77.56103437255385,13.026774640174407,77.56326560242499,315.95252955485097
1556.951472512,success,13.025274083326693,77.55991503677203,13.026686769069675,77.56331776737325,400.70372721877123
1560.408992672,success,13.025249538023346,77.5605118602625,13.02677779638548,77.56326326220822,343.1080300649962
1555.649026944,success,13.027000421082267,77.5608008363606,13.02664350995646,77.56334416974009,278.3712054506345
1564.747154496,success,13.023217597245905,77.56272453896327,13.02677601361181,77.56326530283793,399.99118115413455
1561.719176288,success,13.023394474370948,77.56110018702837,13.026776240877048,77.56326374050127,443.10220361512324
1557.812633728,success,13.027536745937418,77.56273718810642,13.026712394831112,77.56330249208598,110.23931589544509
1563.441204160,success,13.029519578745434,77.56147228262942,13.026776669129728,77.56326418589471,361.5339576608148
1559.117963616,success,13.02324390042123,77.56247217197323,13.026754396560838,77.56327782029328,399.9878465513883
1561.279331200,success,13.029363347748097,77.56179719564622,13.02677615050044,77.56326377807824,328.63981994814213
1556.081118848,success,13.02727922919192,77.56730974449694,13.026652105483144,77.56333882494515,435.79775641071916
1562.145638048,success,13.027544070607574,77.56272129785155,13.026776833533363,77.56326334678717,103.56902498396302
1564.310772576,success,13.025258404139619,77.56008155725517,13.026776236787615,77.56326500385751,383.95757310580683
1562.588116224,success,13.02937073951132,77.56180766189298,13.026776869592403,77.5632633106345,328.71965299097405
1558.685647712,success,13.02869259754825,77.56217611856935,13.026737750515109,77.56328760352321,248.49139648461173
1563.879592096,success,13.02526674646763,77.5600919765993,13.026776481344896,77.56326447638206,382.4966809476534
1560.844828192,success,13.02752542462924,77.56271288811784,13.02677650188568,77.56326356343939,102.4394700509077
1570.808731104,success,13.024407504984055,77.56200284416717,13.02677716244241,77.56326564025693,296.8909469239551
1570.385405984,success,13.029930282826411,77.56188144146743,13.026777333229951,77.56326529823971,381.3001496889769
1571.242563296,success,13.025358924835142,77.56336529649798,13.026777110230832,77.56326578647652,158.06307003408958
1573.411644864,success,13.023205075356348,77.56249403662603,13.026776619121437,77.56326662090673,405.8613737117893
1567.342491904,success,13.02953332156274,77.56147801277345,13.026775858509032,77.5632650934391,362.6210039077276
1569.078344128,success,13.024400947085093,77.56199039605869,13.026776667594511,77.56326469094179,298.06435660885046
1572.545432896,success,13.023276459752031,77.5625116386227,13.026776779740972,77.56326654297891,397.71696958614245
1574.715746016,success,13.02992496003527,77.56191199726982,13.026777532973265,77.56326516573563,379.4388520305955
1572.111832832,success,13.029125645622972,77.55973215482818,13.026776911450336,77.56326636323547,463.46339418223675
1575.581323968,success,13.030757687451512,77.56299859380032,13.026776854906284,77.56326584987116,443.5942269190699
1568.644778336,success,13.02288929155602,77.56534965935954,13.026776285840828,77.56326474925027,487.6729149169965
1568.211335072,success,13.02314614711996,77.55989442846335,13.026776107329576,77.56326478299393,544.2752067668727
1566.046812384,success,13.028396617255238,77.55993828259713,13.026775365936071,77.56326557833495,403.0228399621251
1574.281840160,success,13.028702792770305,77.5607222326898,13.02677712187909,77.56326587197863,348.97369221088695
1569.946992640,success,13.02323212243284,77.56251009648349,13.026777190871378,77.5632650418301,402.5886418788995
1566.916503648,success,13.026180029676565,77.56579234630136,13.02677570847886,77.5632652652082,281.66619826269607
1572.977326336,success,13.02327044922103,77.56251682427043,13.026776514164554,77.5632667762568,398.2323475950182
1575.144231520,success,13.024962502680623,77.56103973173319,13.026777566912887,77.56326520575676,314.42001865692123
1571.677404512,success,13.023239631610268,77.56250514493966,13.026777022576985,77.56326595811375,401.8826757424183
1566.481683968,success,13.023277156440253,77.56253041408578,13.026775301753394,77.56326561816705,397.0467049994673
1573.848296512,success,13.023233167465362,77.5624600807505,13.026776794746269,77.56326642106477,403.6001069350055
1567.777159136,success,13.023284828942494,77.56251762186092,13.026776035015263,77.56326489490716,396.5556604036535
1569.513001696,success,13.023272832124485,77.56252849836254,13.026777018646737,77.56326489726342,397.7307680202556
1576.876764256,success,13.02550827192586,77.56690975156472,13.026773684845296,77.56326831095582,418.8331492408282
1580.774917376,success,13.024363382231977,77.56202249301802,13.02674935634591,77.5632944423288,298.9581141550576
1585.545300512,success,13.026203446610623,77.56573105559893,13.026736745680482,77.56331860678851,267.99206075292267
1582.510811296,success,13.0303277499258,77.56170245853079,13.02673894900755,77.5633045029636,435.16305568792376
1582.944442112,success,13.024360623562853,77.56202623327862,13.026737650847824,77.56330558271232,298.4470544430143
1578.617803072,success,13.024951737261803,77.56105078135714,13.026764373872734,77.56327750980854,314.35109577130254
1577.744218656,success,13.025548294769372,77.56690321957379,13.02676888442302,77.56327200065078,416.13815899549485
1579.046075200,success,13.024366431186555,77.56202964562998,13.026761714223904,77.56328143300117,298.87972319459044
1584.241922080,success,13.027012398261235,77.56161991593852,13.026736090127551,77.56331092751701,185.75136905767948
1585.979031040,success,13.030621243081486,77.56331937807498,13.026737674896683,77.56332221200671,431.83318855974653
1577.309500160,success,13.024381674682902,77.56200371755492,13.026772200511084,77.5632693651638,299.0937823406671
1582.078368448,success,13.024385463705684,77.56199712384567,13.026740102470258,77.56330352251163,297.62676190678513
1580.350386816,success,13.029844632893925,77.56191775278874,13.026753356589277,77.56329079344188,374.53750085068646
1583.805562560,success,13.027249652956206,77.56731940856938,13.026736635578128,77.56330799343425,438.2975710948296
1583.382310144,success,13.024362541999041,77.56202510499587,13.026737004095004,77.56330688416645,298.31690389586777
1576.441804768,success,13.02600934906431,77.56099699515923,13.02677569937545,77.56326676960126,260.23953956943336
1581.214129248,success,13.029839542722932,77.56188442080835,13.026747325596451,77.56329628471673,376.3232013330977
1581.642293120,success,13.029805527755643,77.56711802286829,13.026743395470628,77.56330018195099,535.7221390853906
1585.112414272,success,13.030618152615986,77.56334185303513,13.026736106529242,77.56331542715208,431.67332268095157
1579.915618112,success,13.02603954812226,77.56196673748215,13.026757194278106,77.56328704011489,163.7872044490492
1579.480712224,success,13.024392127511394,77.56202376389137,13.026758914430369,77.56328515682664,296.53762359678007
1576.015641120,success,13.02496198016801,77.56105716609179,13.026776514506528,77.56326606693221,313.00743677436367
1578.179100352,success,13.024394985706609,77.56199472665409,13.026765817862472,77.56327558564632,297.91327339513504
1584.679267712,success,13.026638549998102,77.56331071328259,13.026736014369082,77.56331386740466,10.842928914463824
1589.877257088,success,13.025461831562204,77.56104158180912,13.026749448201551,77.56334678562531,287.8629508913622
1586.413313024,success,13.02664951758459,77.5633300571435,13.026738213325403,77.56332413890875,9.883334096914588
1589.010075360,success,13.024909635116813,77.56210729561369,13.026748163111714,77.56334342587782,244.39063193206664
1586.847164448,success,13.026696994449654,77.56336195847052,13.026739962091872,77.56332802646085,6.0282631416485195
1588.141433440,success,13.024853078052402,77.56213133972503,13.026744872799906,77.56333854292035,247.69760679613984
1589.445089952,success,13.027213150138445,77.56118084385615,13.026749246989382,77.56334610183268,240.17423085714975
1587.274036736,success,13.030313175632248,77.56163832813125,13.02674223360189,77.56333265254891,437.44241356958656
1588.576149632,success,13.030500983645245,77.55993748431088,13.026745997439155,77.56334015366585,556.9706329888899
1590.309093632,success,13.026188975826695,77.56822029683192,13.0267495914232,77.563347109947,531.5967596642558
1587.704235520,success,13.030338817112172,77.56162994622807,13.026743083330482,77.56333473686053,440.42048088817086
1592.912406496,success,13.025484307852055,77.56631776393716,13.026758267362448,77.56335867288566,350.4731139811352
1599.408964064,success,13.029921530277596,77.56507289677485,13.026758795229895,77.56336143764345,397.560799045082
1597.244264352,success,13.025999462516527,77.56778232863965,13.026760078039098,77.56336516974439,485.942916096177
1596.382005568,success,13.025381028549658,77.56149011938484,13.02676007888589,77.5633626934298,254.29801438608382
1599.837427136,success,13.029912696546056,77.56527541861671,13.026758704273158,77.56336110428636,407.4354438879169
1594.639989184,success,13.027091555702219,77.56019538350026,13.026760623867473,77.56336277973416,345.1017759277149
1590.743144928,success,13.023560895954597,77.56171707365591,13.026750081267297,77.56334763286985,396.18137275424
1592.037473024,success,13.024603084559248,77.56060989153134,13.026753619599264,77.5633535505205,381.48227847352445
1591.176926976,success,13.026786145370524,77.56329503519464,13.02675053772829,77.56334840515223,7.007519392157294
1591.614411200,success,13.023713926617885,77.56426490913964,13.02675168380112,77.56335068249749,352.0039233960995
1593.781787328,success,13.027069581331952,77.56028107704147,13.026761073453176,77.56336147018041,335.4675649113119
1598.984464704,success,13.026068417295358,77.56445111246376,13.026758974495523,77.56336217801037,140.7573055640032
1598.108511040,success,13.02467814911217,77.56063607204575,13.026759116112345,77.5633639733919,375.33590909819446
1592.481823936,success,13.027231796140292,77.56245352420319,13.026755046450038,77.5633552544236,111.14451077818357
1597.674560288,success,13.029751010621835,77.56722657899175,13.026759952254013,77.56336522938264,534.4155073903993
1596.804266848,success,13.024663410921598,77.56063040427487,13.026759965007988,77.56336393127387,376.8855805141939
1595.938155968,success,13.025526779293878,77.56046779535333,13.026760189591585,77.56336225868566,342.24913329301455
1598.542735936,success,13.02713981241667,77.5601958193756,13.02675891387914,77.56336275761572,345.689076757284
1594.205088800,success,13.023211031659523,77.56090988655794,13.02676134030955,77.56336274396395,475.8778666271564
1595.511418880,success,13.024093226460867,77.56405141813684,13.0267601970352,77.56336166806832,305.8228401843494
1593.336439040,success,13.02544394112305,77.56628562326752,13.026760374709026,77.56336069035507,349.0458083121911
1595.079052736,success,13.030574607898435,77.56445899701885,13.026760367397312,77.56336239809366,440.4476411650224
1600.276795936,success,13.02830303311316,77.56757235214266,13.026758752357852,77.56336102264174,487.471519922777
1602.442701472,success,13.029923898443615,77.56170236587148,13.026760319192112,77.5633616397911,395.03954139883143
1604.617370624,success,13.022998443990499,77.56157822988551,13.026760807380082,77.56336284471136,460.86854705618526
1608.510861120,success,13.02938199613994,77.5635547304564,13.026759687013868,77.56336136014866,292.338991488721
1603.742856864,success,13.029659923632712,77.5656067159589,13.02676044689062,77.56336269677075,403.7873789133386
1602.011945952,success,13.025512444361668,77.5612275310568,13.0267603125961,77.56336159472335,269.6341429654555
1600.706894112,success,13.03040569726547,77.5622493855708,13.02675890261845,77.56336097222187,423.0077641312763
1608.939876480,success,13.030222613823613,77.56292821921032,13.026759718402127,77.56336136819114,387.9050239082397
1607.211369792,success,13.029583912476829,77.5671557800679,13.026759773736654,77.56336187459877,517.2417928118186
1609.374191840,success,13.029968045564496,77.5608031746169,13.026759708246336,77.56336138898418,451.74843903030643
1603.304140256,success,13.030432381465175,77.56745247390158,13.02676041475735,77.56336253565533,602.5165067333268
1607.640637344,success,13.030069363651657,77.56188344297423,13.02675967635896,77.56336172362492,401.3549217436715
1604.173229792,success,13.030545355230128,77.5672147428277,13.026760518983464,77.56336285364623,592.6593705997474
1605.045822976,success,13.02726179663658,77.56642624409962,13.026760831087785,77.563362923703,336.502051874784
1609.803871904,success,13.030558500806846,77.56088347071177,13.026759693653036,77.56336142362463,500.4898805110328
1608.077348032,success,13.028194812234654,77.56480773723251,13.02675963457553,77.56336142832176,223.64427478773422
1605.913496512,success,13.030122007699799,77.56190436973792,13.02676046689524,77.5633627663088,405.80489574655365
1606.771935392,success,13.024502317930923,77.56614737294242,13.02675995962435,77.56336219737032,392.5053145131646
1610.675922688,success,13.030412191686445,77.56553298926248,13.02675987825019,77.5633613577968,469.33877432791803
1601.140086432,success,13.028294758194315,77.56760738849792,13.026759154219562,77.56336107085481,490.6841836803777
1601.574462304,success,13.025397230240664,77.56433671421928,13.026759953149655,77.56336144276479,184.72576365383856
1606.336251200,success,13.025663349004429,77.56809310930934,13.026760298871574,77.56336255065885,526.793980687961
1610.242266304,success,13.026214466850169,77.56078381323911,13.026759727993662,77.5633614465937,285.75018632451724
1602.869059072,success,13.022988341361692,77.56165559485177,13.026760281462694,77.56336200754026,458.3534419959291
1605.482590624,success,13.028434341469968,77.56144719618257,13.026760721307046,77.56336300202206,278.76042515307245
1611.545824192,success,13.028651095739528,77.5681581358522,13.02676003411752,77.56336127786882,560.5891038119588
1612.837923488,success,13.026826143764147,77.56087674284298,13.026760105008574,77.56336129804204,269.2602103203173
1612.409724064,success,13.026823116850288,77.56088139201617,13.02676021557585,77.56336139481986,268.7579141544573
1614.573711072,success,13.030736194378933,77.56289814487626,13.026759853303242,77.5633610469494,444.9836521778907
1611.972809376,success,13.030461226560954,77.56557582602638,13.026760193665137,77.56336133996885,476.3552764590002
1615.006251008,success,13.024581738706855,77.56175596568661,13.026759850878488,77.5633610002903,298.1484586359297
1613.275134272,success,13.026159340766112,77.56082587025683,13.02676003653169,77.5633611782292,282.66385252819003
1613.702910976,success,13.026166282366752,77.5608403400083,13.026759962251845,77.56336116518189,280.95523133470135
1614.146618656,success,13.026169156491129,77.56083408452193,13.02675993802304,77.5633610724176,281.5288359452433
1611.102783072,success,13.02981808511787,77.56716866331502,13.0267599936914,77.56336132662919,534.5581333067408
